step,theta,theta_dot,wind,wave,action,reward
0,0.026241270825266838,-0.008338401094079018,-0.3214016258716583,0.14463801681995392,1.0,-0.025723368753231984
1,0.025824351236224174,0.056613173335790634,0.7824000120162964,0.3788323998451233,0.345983624458313,-0.005262039585813953
2,0.02865500934422016,-0.018159469589591026,-0.4222411513328552,-0.5061686038970947,-1.0,-0.025985992746734687
3,0.027747035026550293,-0.04348347708582878,-0.37396466732025146,0.016530390828847885,-0.2302861213684082,-0.003041096778696536
4,0.02557286061346531,-0.093604177236557,-1.395018458366394,-0.0875166654586792,1.0,-0.03003484195205472
5,0.02089265175163746,-0.12020470947027206,-0.7475465536117554,-0.2929069399833679,1.0,-0.03266108939449108
6,0.01488241646438837,-0.16642031073570251,-0.32655540108680725,-0.1265200674533844,-1.0,-0.03906934664172659
7,0.006561400834470987,-0.1551768034696579,0.24697832763195038,0.41700536012649536,-1.0,-0.037082971723299954
8,-0.0011974393855780363,-0.1261729747056961,-0.07712079584598541,0.5465853810310364,0.08573164790868759,-0.008144990639580154
9,-0.007506088353693485,-0.11085448414087296,-0.3991168141365051,0.14060403406620026,1.0,-0.03120069935848359
10,-0.013048812747001648,-0.054916273802518845,0.5420821309089661,0.037604920566082,0.9447815418243408,-0.023993474208768392
11,-0.015794627368450165,-0.10855685919523239,-0.44609954953193665,-0.36869016289711,-0.6101065874099731,-0.015447516883231578
12,-0.021222470328211784,-0.10776723176240921,-0.2746354937553406,0.08807805180549622,0.24875910580158234,-0.007804309068886548
13,-0.026610832661390305,-0.1629534214735031,-0.6057708859443665,-0.0836702287197113,-1.0,-0.03898504535966655
14,-0.03475850448012352,-0.1258436143398285,-0.09553500264883041,0.21633823215961456,1.0,-0.03412646093392784
15,-0.041050683706998825,-0.08264335989952087,0.12879547476768494,0.14214909076690674,0.9560018181800842,-0.027948608374568213
16,-0.04518285021185875,-0.09294592589139938,-0.3922971785068512,-0.051845453679561615,0.2703872621059418,-0.008188694272338863
17,-0.04983014613389969,-0.058845676481723785,0.47038528323173523,0.5973724722862244,-1.0,-0.029214450349996864
18,-0.05277242884039879,-0.061148181557655334,-0.7554393410682678,0.6055694818496704,-0.0006967484951019287,-0.004654491629413686
19,-0.055829837918281555,0.013585763983428478,0.8075252771377563,0.31252455711364746,0.5297927260398865,-0.010226265608142424
20,-0.05515054985880852,0.04408856853842735,0.15867337584495544,-0.12556912004947662,1.0,-0.029013484151935248
21,-0.052946120500564575,0.10506843030452728,0.8748124241828918,0.7841033339500427,-1.0,-0.033322979518122756
22,-0.04769269749522209,0.17788293957710266,1.080980896949768,0.5260415077209473,-0.35523438453674316,-0.021250550471299718
23,-0.03879855200648308,0.1840135008096695,0.21442824602127075,-0.4833274483680725,0.8178258538246155,-0.03515679060615334
24,-0.029597876593470573,0.1762709617614746,-0.0026724799536168575,0.2625899612903595,-0.761918842792511,-0.030924767770891672
25,-0.020784327760338783,0.14832769334316254,-0.7730168700218201,0.1580488234758377,0.19968296587467194,-0.012429373761740423
26,-0.013367943465709686,0.17653673887252808,0.25791820883750916,0.27841708064079285,0.1416659951210022,-0.016263043681889095
27,-0.0045411065220832825,0.09936832636594772,-0.7104707956314087,-0.26468104124069214,-1.0,-0.02995765372635939
28,0.0004273098020348698,0.0548071563243866,-0.2618611454963684,-0.4679207503795624,-0.23713792860507965,-0.002907954774980779
29,0.0031676676589995623,0.10303197056055069,1.0436207056045532,-0.1983642876148224,0.29456883668899536,-0.0074870977178180705
30,0.008319266140460968,0.07991623133420944,0.19738177955150604,-0.10342901945114136,-1.0,-0.0282625124339607
31,0.01231507770717144,0.16644111275672913,0.9500837326049805,0.5281444191932678,0.6094131469726562,-0.02328759317437241
32,0.020637134090065956,0.1612868309020996,0.38001158833503723,-0.881403923034668,1.0,-0.03843261287414592
33,0.028701474890112877,0.19198143482208252,0.031217385083436966,0.27347448468208313,0.8415988683700562,-0.036959427703391536
34,0.03830054774880409,0.18658608198165894,0.6023769378662109,-0.2471628189086914,-0.6481567621231079,-0.02937679339502124
35,0.04762985184788704,0.21277271211147308,1.093206763267517,-0.5281723737716675,0.21888384222984314,-0.026102468492512156
36,0.05826848745346069,0.21711480617523193,-0.39691680669784546,0.374019980430603,0.5751394629478455,-0.035234270104809375
37,0.06912422925233841,0.2424037605524063,0.029432768002152443,0.8009570240974426,-0.25730106234550476,-0.035813046936893266
38,0.08124441653490067,0.24915103614330292,0.11311151832342148,-0.25327762961387634,1.0,-0.06263877653193559
39,0.09370196610689163,0.21440498530864716,-0.22653810679912567,-0.43645843863487244,0.42903563380241394,-0.03636659861713243
40,0.10442221164703369,0.18152053654193878,-0.7666081190109253,0.2521646022796631,0.20902013778686523,-0.028471088004024266
41,0.11349824070930481,0.20390160381793976,0.3486994802951813,0.5178235173225403,-0.3430161476135254,-0.03661128419812474
42,0.1236933171749115,0.1764356642961502,-0.45276346802711487,0.6756429672241211,-1.0,-0.0558648106324668
43,0.1325151026248932,0.1744653880596161,-0.17243263125419617,0.6297633051872253,-0.4459565579891205,-0.03775127002463367
44,0.14123837649822235,0.12118527293205261,-0.25967150926589966,-0.2941933274269104,-0.4514642059803009,-0.032386711312574236
45,0.14729763567447662,0.13504883646965027,0.14987123012542725,0.4125812351703644,-0.025461861863732338,-0.03083189693291277
46,0.1540500819683075,0.09041161835193634,0.09660574793815613,-0.2342115342617035,-0.933335542678833,-0.049596437333417565
47,0.15857066214084625,0.008401121012866497,-0.8047318458557129,-0.5606080889701843,0.0028217844665050507,-0.025180143603739255
48,0.15899071097373962,0.006173039320856333,0.30160972476005554,0.3958851993083954,-1.0,-0.05029710167931169
49,0.1592993587255478,-0.020113002508878708,-0.09857675433158875,-0.42974594235420227,0.48834890127182007,-0.03154066970006076
50,0.1582937091588974,-0.05375169962644577,0.5238252878189087,-0.5121575593948364,-0.911098301410675,-0.04725402374423662
51,0.15560612082481384,-0.048251621425151825,-0.42784085869789124,0.24840714037418365,1.0,-0.05037737535113339
52,0.15319353342056274,-0.1322307139635086,-1.350084662437439,0.15454784035682678,-0.5495234131813049,-0.039760141625468155
53,0.1465819925069809,-0.13067808747291565,-0.3489845097064972,0.04371187835931778,1.0,-0.05502466395512495
54,0.140048086643219,-0.13108724355697632,-0.04542091488838196,0.08084575831890106,0.2218518704175949,-0.029435856312190426
55,0.13349372148513794,-0.1109284833073616,0.4165031611919403,-0.3033478856086731,0.8690969347953796,-0.042856375639741255
56,0.12794730067253113,-0.0860159620642662,0.8525891900062561,0.2904375195503235,-1.0,-0.045069883913202956
57,0.12364650517702103,-0.019852351397275925,0.5062395930290222,0.46594560146331787,1.0,-0.040485515519162935
58,0.12265388667583466,-0.013120310381054878,0.47255292534828186,0.3376314640045166,-1.0,-0.04013004741551817
59,0.12199787050485611,-0.03592493757605553,0.04535616561770439,-0.5707095265388489,0.4933629631996155,-0.021613956514941204
60,0.12020162492990494,-0.04992947727441788,-0.0810270607471466,-0.3078058660030365,0.5475529432296753,-0.02319026228251899
61,0.11770515143871307,-0.07743380218744278,-0.8536450862884521,0.10338111966848373,0.7110302448272705,-0.02949159976297469
62,0.1138334646821022,-0.13329875469207764,-0.3411296606063843,-0.41192176938056946,-0.4528132677078247,-0.026968331355125122
63,0.1071685254573822,-0.1687951236963272,-0.6258006691932678,0.10736683011054993,-0.17478546500205994,-0.026494738930179722
64,0.09872876852750778,-0.13879908621311188,0.2152031660079956,0.5289829969406128,-0.13582012057304382,-0.01984113983711623
65,0.09178881347179413,-0.1473144143819809,-0.008348801173269749,0.4167359173297882,-1.0,-0.0442759543432687
66,0.08442309498786926,-0.11044445633888245,0.8413589000701904,0.4600662589073181,-1.0,-0.03822624768689887
67,0.07890087366104126,-0.18321149051189423,-1.419182300567627,0.4914734959602356,-0.9124388098716736,-0.04382218722667852
68,0.06974029541015625,-0.1751464605331421,0.20377200841903687,0.16950854659080505,-0.37046894431114197,-0.023633032405448524
69,0.060982972383499146,-0.14507876336574554,0.2227364480495453,0.15310285985469818,0.48510345816612244,-0.020125981653789593
70,0.05372903496026993,-0.16862136125564575,0.19164852797985077,-0.1435653269290924,-1.0,-0.042103390097778415
71,0.04529796540737152,-0.2380308359861374,-1.1409811973571777,-0.043565891683101654,-0.414718896150589,-0.03468103807167618
72,0.03339642286300659,-0.22210615873336792,-0.48223909735679626,0.43206536769866943,0.6351975798606873,-0.03586779344581008
73,0.022291114553809166,-0.22182591259479523,-0.173259899020195,0.033390142023563385,0.16903270781040192,-0.025814561685588835
74,0.011199818924069405,-0.2286527305841446,-0.5097635984420776,-0.20424899458885193,1.0,-0.051266470588489044
75,-0.000232817605137825,-0.2552589476108551,-0.006919837091118097,-0.5941500663757324,-0.057162195444107056,-0.03266030768207939
76,-0.01299576461315155,-0.2455589324235916,0.18041107058525085,-0.04242889955639839,-0.143921360373497,-0.030836319934005357
77,-0.02527371048927307,-0.3010604679584503,-0.7114318609237671,-0.9592931270599365,0.8368422389030457,-0.06346508777632764
78,-0.04032673314213753,-0.28917285799980164,0.3078312873840332,-0.11903361231088638,-0.27897247672080994,-0.04538235704770896
79,-0.05478537455201149,-0.3025220036506653,-0.3180050551891327,-0.0944618508219719,-0.11918467283248901,-0.04911634032290141
80,-0.06991147249937057,-0.2227363884449005,1.0898855924606323,-0.019920388236641884,0.5846163034439087,-0.03823776824273234
81,-0.08104829490184784,-0.26406750082969666,0.05197155848145485,-0.5948291420936584,-1.0,-0.06643464732063464
82,-0.09425166994333267,-0.20861725509166718,0.9884034395217896,0.3669951856136322,-1.0,-0.055643957774375016
83,-0.10468253493309021,-0.1883714497089386,0.6401609182357788,0.019069092348217964,-1.0,-0.053700333831633515
84,-0.1141011044383049,-0.13819286227226257,0.5499928593635559,0.14837872982025146,0.10798142850399017,-0.02285919533649037
85,-0.12101075053215027,-0.1358286440372467,0.36791345477104187,-0.060877181589603424,-1.0,-0.048868311385628
86,-0.12780217826366425,-0.17199666798114777,-0.8843327760696411,0.41154173016548157,-1.0,-0.056124825695747074
87,-0.13640201091766357,-0.22420264780521393,-1.1609758138656616,-0.09597466886043549,-0.12974146008491516,-0.04415974339413389
88,-0.14761213958263397,-0.24291566014289856,-0.12271349132061005,-0.4171440601348877,-0.30221402645111084,-0.05357668647184713
89,-0.15975792706012726,-0.23638476431369781,0.367873877286911,-0.0801318809390068,-1.0,-0.07846147076326142
90,-0.17157717049121857,-0.2002667933702469,-0.2621209919452667,0.20793668925762177,0.8374289870262146,-0.06702430017044698
91,-0.1815905123949051,-0.16149824857711792,-0.28594741225242615,0.5555920004844666,0.29645419120788574,-0.04821308337797948
92,-0.18966542184352875,-0.13424451649188995,0.2108730524778366,-0.18973319232463837,0.341599702835083,-0.04790102771370559
93,-0.19637764990329742,-0.22614650428295135,-1.1665589809417725,-0.523101270198822,-1.0,-0.0891353025321942
94,-0.2076849788427353,-0.18589748442173004,0.6520984768867493,-0.020241625607013702,-0.4690326452255249,-0.06591177817231
95,-0.21697984635829926,-0.1663023978471756,-0.16987504065036774,0.6573006510734558,-1.0,-0.08590849969140066
96,-0.22529496252536774,-0.2210639864206314,-0.7695895433425903,-0.2342631220817566,-1.0,-0.10019246405102097
97,-0.23634816706180573,-0.17609114944934845,-0.2835526168346405,0.23453491926193237,1.0,-0.0963645000290041
98,-0.24515272676944733,-0.18303939700126648,-0.3981211185455322,-0.2453671395778656,0.12391103059053421,-0.0772354170573654
99,-0.2543047070503235,-0.16864445805549622,-0.963089644908905,0.2917397618293762,1.0,-0.10389135421585483
100,-0.2627369165420532,-0.15569885075092316,0.48368361592292786,-0.19055069983005524,-1.0,-0.10615175995930623
101,-0.2705218493938446,-0.12805382907390594,0.09800396859645844,-0.5170584321022034,1.0,-10.106380968547274
102,-0.2769245505332947,-0.08229916542768478,-0.2830878794193268,0.551180362701416,0.3543822765350342,-10.083213447413007
103,-0.2810395061969757,-0.03419315442442894,0.08143843710422516,0.9241454005241394,-1.0,-10.104567791373562
104,-0.2827491760253906,-0.04927045479416847,-0.47231563925743103,0.2321137636899948,-1.0,-10.106160878639741
105,-0.2852126955986023,-0.01503476407378912,-0.11730349808931351,0.22632713615894318,0.2538623511791229,-10.083070457939925
106,-0.2859644293785095,0.020291754975914955,-0.004326815716922283,-0.22447924315929413,1.0,-10.106981535044122
107,-0.2849498391151428,0.0599064864218235,-0.5205700397491455,1.226414680480957,-0.664701521396637,-10.094036508658082
108,-0.2819545269012451,0.032911065965890884,-0.04640703648328781,-0.8066642880439758,-0.16861724853515625,-10.08075071193773
109,-0.28030896186828613,0.02233765460550785,-0.3891603648662567,0.27121588587760925,-1.0,-10.10382260610091
110,-0.27919209003448486,0.03242973983287811,-0.3000050485134125,0.5441784858703613,-0.9032527208328247,-10.098870697962498
111,-0.27757060527801514,0.054583579301834106,0.6014389395713806,-0.060935452580451965,-1.0,-10.103535123197691
112,-0.27484142780303955,0.064774289727211,-0.283329576253891,-0.4019204080104828,1.0,-10.102635663732384
113,-0.27160272002220154,0.05830618366599083,-0.41997992992401123,-0.5892572402954102,1.0,-10.10046783929941
114,-0.2686873972415924,0.13375195860862732,0.7226377725601196,0.6362802982330322,-0.4565073251724243,-0.08634769084933412
115,-0.26199978590011597,0.07750234752893448,-0.7536828517913818,-0.4726731777191162,-0.46958252787590027,-0.07715989570064767
116,-0.2581246793270111,0.029350977391004562,-1.0611071586608887,-0.3855416774749756,0.25874581933021545,-0.06873281942897015
117,-0.25665712356567383,-0.083343006670475,-1.8638020753860474,-0.4569115936756134,-0.611355185508728,-0.07868979025237947
118,-0.2608242630958557,-0.017477810382843018,0.7781492471694946,-0.13826900720596313,0.501533031463623,-0.07447042331825497
119,-0.2616981565952301,0.027736127376556396,0.5127505660057068,-0.195587620139122,0.374281108379364,-0.07237272870837491
120,-0.2603113651275635,0.07847446203231812,1.0564004182815552,0.0796871930360794,-1.0,-0.09584111984651153
121,-0.2563876509666443,0.1379321664571762,-0.22920137643814087,1.0209696292877197,0.09231233596801758,-0.07546030434333113
122,-0.24949103593826294,0.09455431252717972,-0.19468311965465546,-0.4884893298149109,-1.0,-0.09171603945408036
123,-0.2447633147239685,0.14118288457393646,0.12114600092172623,-0.015534015372395515,1.0,-0.09487538601224388
124,-0.23770417273044586,0.1550140231847763,0.6397947072982788,-0.3686535656452179,-0.5821437239646912,-0.07699022969381644
125,-0.22995346784591675,0.18651850521564484,0.4828301668167114,0.3410993814468384,-0.945778489112854,-0.09263559839881257
126,-0.2206275463104248,0.167245551943779,-0.40061238408088684,0.06529760360717773,-0.603630542755127,-0.07177129542536494
127,-0.2122652679681778,0.17698124051094055,-0.4984511733055115,0.9383231997489929,-0.984953761100769,-0.084971071367172
128,-0.20341619849205017,0.1469196081161499,-0.42248374223709106,-0.18122977018356323,-0.4548530578613281,-0.05734312023202401
129,-0.19607022404670715,0.10729356855154037,-0.6395028233528137,-0.13844850659370422,-0.49246785044670105,-0.05026260013555773
130,-0.1907055526971817,0.10949599742889404,-0.0035256159026175737,0.3071156442165375,-1.0,-0.06736329192407088
131,-0.18523074686527252,0.07403143495321274,-0.36629199981689453,-0.0743095800280571,-1.0,-0.062050758505345416
132,-0.1815291792154312,0.03097233548760414,-0.8498936295509338,-0.3309608995914459,0.15768422186374664,-0.03405409203567991
133,-0.1799805611371994,0.17231181263923645,1.653484582901001,0.41649729013442993,1.0,-0.07223868212141074
134,-0.17136496305465698,0.10631189495325089,-0.4688544273376465,-0.5349588990211487,-1.0,-0.06001706244771685
135,-0.16604936122894287,0.06180516630411148,-0.5853496789932251,-0.008676343597471714,-1.0,-0.054482332092380174
136,-0.16295909881591797,0.0838683620095253,0.02083667367696762,-0.2977442443370819,1.0,-0.05507262020003058
137,-0.15876567363739014,0.05884392186999321,-0.7719447016716003,0.568951427936554,-1.0,-0.05193784492021674
138,-0.1558234840631485,0.09963690489530563,0.27101126313209534,-0.14982721209526062,0.9718979597091675,-0.05285935332493484
139,-0.1508416384458542,0.07871806621551514,-0.13239672780036926,-0.21181218326091766,-0.5161692500114441,-0.032512234396903296
140,-0.14690573513507843,-0.022704889997839928,-1.7616273164749146,0.046264730393886566,-1.0,-0.046839051016799554
141,-0.1480409801006317,-0.048427652567625046,-0.6423266530036926,-0.40107372403144836,0.5944681763648987,-0.0319235606827472
142,-0.15046235918998718,-0.05818353593349457,-0.3841574490070343,0.29292067885398865,-0.7003124356269836,-0.0365925222454009
143,-0.15337154269218445,-0.08463049679994583,-0.7023184895515442,-0.5737125873565674,0.9846130013465881,-0.051340557792594194
144,-0.15760307013988495,-0.011728928424417973,0.38391125202178955,0.30174756050109863,1.0,-0.04990751077543941
145,-0.15818952023983002,0.007864467799663544,-0.5753602385520935,0.22495907545089722,1.0,-0.05005484807325454
146,-0.15779629349708557,-0.004347787704318762,-0.17497946321964264,0.12051687389612198,-0.8462691307067871,-0.04281340896739279
147,-0.15801368653774261,-0.03411303088068962,-0.7565761804580688,0.3331577777862549,-0.8215096592903137,-0.04242212645829437
148,-0.1597193330526352,0.027604712173342705,0.7219553589820862,0.2548292875289917,0.006986292079091072,-0.02589249722705039
149,-0.15833909809589386,-0.04123186320066452,0.33500397205352783,-1.508910059928894,-0.8572041392326355,-0.04429127646721151
150,-0.16040068864822388,0.003984351642429829,0.1563778519630432,-0.010178126394748688,1.0,-0.050736319285309965
151,-0.16020147502422333,0.0238918699324131,-0.0882273018360138,-0.2522312104701996,1.0,-0.05094992204573049
152,-0.15900687873363495,0.04276742413640022,0.03321898356080055,0.16484695672988892,-0.09782230854034424,-0.026436944728501065
153,-0.15686850249767303,0.04498719424009323,-0.1582728922367096,-0.18532966077327728,0.34174272418022156,-0.028539354745872852
154,-0.15461914241313934,0.09541292488574982,0.7378522753715515,-0.44214683771133423,1.0,-0.05345889237314491
155,-0.14984849095344543,0.12628872692584991,0.6180931329727173,0.0707249864935875,-0.5110489130020142,-0.036958266969087064
156,-0.14353404939174652,0.091013103723526,-0.4825833737850189,-0.11599276214838028,-0.5371293425559998,-0.031956415714173375
157,-0.13898339867591858,0.07278003543615341,-0.5519961714744568,0.2700258195400238,-0.5049711465835571,-0.028339746971735257
158,-0.13534440100193024,0.07616418600082397,0.20874105393886566,-0.2227184772491455,-0.18084938824176788,-0.022036259773904734
159,-0.13153618574142456,0.07653854042291641,-0.6613309979438782,0.12068643420934677,0.7663942575454712,-0.034914847788466104
160,-0.1277092546224594,0.10541722178459167,0.5744313597679138,-0.045534539967775345,-0.22071650624275208,-0.023083944239571705
161,-0.12243839353322983,0.11273191124200821,0.2510114908218384,-0.15041086077690125,-0.18632428348064423,-0.02221332047239732
162,-0.11680179834365845,0.10556239634752274,0.040541522204875946,-0.11651316285133362,-0.38942065834999084,-0.02300558080111076
163,-0.11152368038892746,0.10161030292510986,0.1764252930879593,-0.6039090156555176,0.45204076170921326,-0.022708379106894716
164,-0.10644316673278809,0.14707757532596588,0.3865143060684204,-0.09197299182415009,0.9966477155685425,-0.04697872146902922
165,-0.09908928722143173,0.1803359091281891,0.21516484022140503,-0.13612404465675354,1.0,-0.0510792077354815
166,-0.09007249027490616,0.15358594059944153,0.19221670925617218,-0.4290251135826111,-0.713313639163971,-0.03262778395873393
167,-0.08239319175481796,0.1464224010705948,0.7134926319122314,-0.6814178228378296,-0.46732255816459656,-0.022968158046885997
168,-0.07507207244634628,0.1041800007224083,-0.6235432624816895,0.09426642954349518,-0.7318995594978333,-0.0244544761111437
169,-0.06986307352781296,0.14763814210891724,0.8777053952217102,0.11125051975250244,-0.36062246561050415,-0.019030573011041194
170,-0.06248116493225098,0.12846139073371887,-0.1487450748682022,-0.5700360536575317,0.6085412502288818,-0.02141312233719149
171,-0.056058093905448914,0.1327691674232483,-0.11476600170135498,-0.007950804196298122,0.35876229405403137,-0.015174094644556492
172,-0.04941963404417038,0.21327120065689087,1.0143412351608276,0.24885009229183197,0.658293604850769,-0.036018364333881045
173,-0.03875607252120972,0.18130868673324585,-0.9174557328224182,0.8107116222381592,-1.0,-0.042938453599167994
174,-0.029690638184547424,0.1354195922613144,-0.23700591921806335,-0.3517838716506958,-0.5929437875747681,-0.01884032502117912
175,-0.022919658571481705,0.20251046121120453,0.8848935961723328,-0.019902303814888,1.0,-0.04603055490053434
176,-0.012794135138392448,0.2067658007144928,-0.2204415649175644,0.08751439303159714,0.5698196887969971,-0.02965710154476653
177,-0.002455845009535551,0.27276960015296936,0.5069332718849182,0.397334486246109,1.0,-0.06220765942619146
178,0.011182635091245174,0.28545552492141724,-0.8251214623451233,0.799392580986023,0.8242968320846558,-0.05785411188070854
179,0.02545541152358055,0.3118330240249634,0.5681169629096985,-0.15168042480945587,0.5412298440933228,-0.05659113515290034
180,0.04104706272482872,0.2641943693161011,-0.4911959171295166,-0.3876049816608429,0.24025505781173706,-0.038027257528192346
181,0.054256781935691833,0.26264405250549316,0.07402706146240234,-0.25920650362968445,0.6956819295883179,-0.049534082023891916
182,0.06738898158073425,0.22028756141662598,-0.45892438292503357,0.32450175285339355,-1.0,-0.05380458015736189
183,0.07840336114168167,0.23777179419994354,0.21874040365219116,-0.15782850980758667,1.0,-0.05941479979399777
184,0.09029194712638855,0.2933156192302704,0.4405485689640045,0.5469514727592468,0.7197350859642029,-0.06412012911960185
185,0.10495772957801819,0.22241967916488647,-0.6566978096961975,-0.2413167506456375,-0.47561681270599365,-0.04140666671099404
186,0.11607871204614639,0.226644828915596,0.5655730962753296,0.28757622838020325,-1.0,-0.06415820585703307
187,0.12741094827651978,0.2599277198314667,0.13601931929588318,0.4649684727191925,0.7042209506034851,-0.06241293904343425
188,0.14040733873844147,0.17701318860054016,-0.652927041053772,-0.5916551351547241,-0.1852562129497528,-0.036239051170266275
189,0.14925800263881683,0.13329657912254333,-0.5199044346809387,0.049017637968063354,-0.20865589380264282,-0.0322503701648521
190,0.15592283010482788,0.08244729787111282,-0.47765207290649414,-0.19488726556301117,-0.10782194137573242,-0.028001347288599113
191,0.16004519164562225,0.03868206590414047,-0.5850000977516174,-0.24817165732383728,0.46595001220703125,-0.031790350942920945
192,0.1619792878627777,-0.004224089439958334,-0.6028723120689392,0.1469864845275879,-0.2856568694114685,-0.02828620963081414
193,0.1617680788040161,0.021357746794819832,0.47693464159965515,-0.1921783685684204,0.935474693775177,-0.04827481204545345
194,0.1628359705209732,-0.02297443337738514,-0.12435947358608246,-0.23241302371025085,-0.5530802011489868,-0.034426906881332375
195,0.16168725490570068,0.008105887100100517,0.3187507390975952,0.03562241420149803,1.0,-0.051175619142676015
196,0.16209255158901215,0.04669196158647537,0.956494152545929,-0.4381888210773468,1.0,-0.052364064187370864
197,0.16442714631557465,0.07812262326478958,0.21750150620937347,0.1775965541601181,1.0,-0.055087859749805554
198,0.1683332771062851,0.07987795025110245,-0.21626409888267517,0.23341365158557892,0.6073181629180908,-0.04074721978575575
199,0.1723271757364273,0.0853721871972084,-0.8631135821342468,0.847521185874939,0.8358319997787476,-0.05080623855234347
200,0.1765957921743393,0.04777374491095543,-0.8052266836166382,0.36792290210723877,-0.02697637677192688,-0.032345429865145825
201,0.17898447811603546,0.012806164100766182,-0.6726735830307007,0.46035322546958923,-0.3965013027191162,-0.036047774875071714
202,0.1796247810125351,0.002592358971014619,-0.23086442053318024,0.06336916238069534,0.47619789838790894,-0.03793753498406576
203,0.17975440621376038,-0.0009676882182247937,0.03200625255703926,0.44029363989830017,-0.5455349683761597,-0.03975232219913322
204,0.17970602214336395,-0.083437979221344,-0.1929284632205963,-1.186873435974121,-0.0009121298789978027,-0.03577522311051213
205,0.17553412914276123,-0.09933362901210785,-0.4560352861881256,0.07348492741584778,0.5849549174308777,-0.04430011938498622
206,0.17056745290756226,-0.10188258439302444,-0.26428091526031494,0.3079283535480499,0.23801572620868683,-0.03569957181512113
207,0.1654733270406723,-0.10257263481616974,0.6091961860656738,-0.05910872295498848,-0.7179573178291321,-0.04552856164268992
208,0.1603446900844574,-0.13485698401927948,-0.8937872648239136,0.5536660552024841,-0.21728436648845673,-0.0359839372162312
209,0.15360184013843536,-0.1295756846666336,0.6498321294784546,-0.11967645585536957,-0.5028820037841797,-0.03831071155396716
210,0.1471230536699295,-0.06177278980612755,1.2649730443954468,-0.13955017924308777,0.7924998998641968,-0.03925453464846128
211,0.14403441548347473,-0.10793096572160721,-0.6822718381881714,-0.06234937533736229,0.022511763498187065,-0.026583128589282287
212,0.13863787055015564,-0.11556766927242279,0.6467002034187317,-0.3749813735485077,-0.5247336626052856,-0.03278203700781873
213,0.1328594833612442,-0.06119976565241814,1.1707350015640259,-0.35861048102378845,0.8508129715919495,-0.03762141677332684
214,0.1297995001077652,-0.0551123172044754,0.5726533532142639,0.21778495609760284,-1.0,-0.04336659266454193
215,0.12704388797283173,-0.07148052752017975,-0.09243423491716385,0.4322131872177124,-1.0,-0.04369488118004373
216,0.12346985936164856,-0.12206433713436127,-0.8998792767524719,0.543028712272644,-1.0,-0.04769465752277858
217,0.11736664175987244,-0.1343868374824524,-0.038210418075323105,-0.21697409451007843,0.2658142149448395,-0.02457126989583784
218,0.1106472983956337,-0.09788927435874939,0.44950443506240845,0.4239596128463745,-0.06931237131357193,-0.017154084902961733
219,0.10575283318758011,-0.04831187054514885,0.4618772566318512,0.7998015284538269,-0.3062087893486023,-0.014694776013891213
220,0.10333724319934845,-0.021943621337413788,0.648435652256012,0.5134026408195496,-1.0,-0.035919346359386484
221,0.10224006325006485,-0.054422441869974136,-0.3239183723926544,0.04260950908064842,-0.4484670162200928,-0.016961998018686624
222,0.09951893985271454,-0.019195253029465675,0.33778953552246094,-0.007096894551068544,1.0,-0.03508824851455246
223,0.0985591784119606,-0.007034954149276018,0.18098114430904388,0.1704419106245041,0.06292742490768433,-0.009837653221388066
224,0.09820742905139923,0.005506560672074556,0.5065463781356812,-0.04064355790615082,-0.14150241017341614,-0.01016043385353611
225,0.09848275780677795,-0.029043925926089287,-0.209879532456398,-0.3313262462615967,0.0005209557712078094,-0.010120635049453812
226,0.09703056514263153,-0.06251253187656403,-0.5350394248962402,0.46898049116134644,-0.9402220845222473,-0.03346927739888704
227,0.09390494227409363,-0.04980013892054558,-0.05071289464831352,0.31477776169776917,0.2089451253414154,-0.01114961608349652
228,0.0914149358868599,-0.15828227996826172,-0.7784183025360107,-0.7752672433853149,-1.0,-0.04588333106216288
229,0.08350082486867905,-0.18684029579162598,-0.6294547319412231,0.4586507976055145,-0.6847501397132874,-0.03614910387655665
230,0.07415881007909775,-0.12474875152111053,0.6408464908599854,0.13281545042991638,1.0,-0.03828065503814167
231,0.06792137026786804,-0.17887310683727264,-0.48130208253860474,-0.05232105776667595,-1.0,-0.04561110594209576
232,0.05897771567106247,-0.17032766342163086,-0.17865629494190216,-0.137989342212677,1.0,-0.04298412729238839
233,0.050461333245038986,-0.2378334254026413,-1.5036418437957764,-0.34317055344581604,1.0,-0.055828714708895354
234,0.03856966271996498,-0.18604689836502075,-0.11406532675027847,0.6065711379051208,1.0,-0.04379434336841779
235,0.029267318546772003,-0.1617252230644226,0.09644583612680435,0.5603553056716919,-0.41107314825057983,-0.01815862790749322
236,0.021181058138608932,-0.17361029982566833,-0.23622414469718933,-0.1010754331946373,0.12527276575565338,-0.01591123716626242
237,0.012500543147325516,-0.2962191104888916,-2.3396530151367188,0.18533213436603546,-0.7057778239250183,-0.05648220327489685
238,-0.002310412470251322,-0.24830439686775208,0.32825738191604614,0.7055036425590515,-0.4096510410308838,-0.03502822448771057
239,-0.014725632034242153,-0.2549375295639038,-0.29205673933029175,0.03766166418790817,-0.011771395802497864,-0.03271688408833676
240,-0.02747250907123089,-0.2762310802936554,-0.4233167767524719,-0.4705028235912323,0.6367828845977783,-0.04904385365737776
241,-0.04128406196832657,-0.30473482608795166,-0.42786478996276855,-0.13799941539764404,-0.3670700788497925,-0.05150454219414539
242,-0.05652080476284027,-0.22831277549266815,0.8132628202438354,0.0008846410200931132,1.0,-0.05425796347345116
243,-0.06793644279241562,-0.2603042423725128,-0.47432687878608704,0.056751132011413574,-0.8423829078674316,-0.056234737337315314
244,-0.08095165342092514,-0.248569056391716,0.1305428147315979,-0.270492821931839,0.28519362211227417,-0.039479845026433064
245,-0.09338010847568512,-0.26475343108177185,0.685940146446228,-0.7553395628929138,-1.0,-0.06876703226504513
246,-0.10661777853965759,-0.23920027911663055,-0.12812677025794983,0.26602643728256226,0.20143288373947144,-0.040990118784035336
247,-0.11857779324054718,-0.24883754551410675,-0.8030595183372498,0.1445014923810959,0.3725716471672058,-0.04849099637216634
248,-0.13101966679096222,-0.21086305379867554,0.7757358551025391,0.18146850168704987,-1.0,-0.06439776816903953
249,-0.141562819480896,-0.2765583097934723,-1.0140960216522217,-0.29127800464630127,-0.6209843158721924,-0.06792281906139222
250,-0.15539073944091797,-0.24109134078025818,0.7393820285797119,0.11933410167694092,-1.0,-0.07820879608589149
251,-0.16744530200958252,-0.22882041335105896,-0.005915363319218159,0.176480233669281,-0.5575563907623291,-0.061989050692591266
252,-0.1788863241672516,-0.22807934880256653,0.43262937664985657,-0.28338608145713806,-1.0,-0.08301040947291605
253,-0.19029028713703156,-0.20281654596328735,-0.17424005270004272,0.05716545879840851,0.4799228310585022,-0.06253581953003945
254,-0.20043110847473145,-0.19645078480243683,-0.3263746201992035,-0.05338062345981598,0.24045363068580627,-0.060914535384951854
255,-0.21025364100933075,-0.18192742764949799,0.7787230610847473,-0.38712793588638306,-1.0,-0.08575539063479543
256,-0.21935001015663147,-0.08150246739387512,1.155997633934021,0.7517377734184265,-0.6111608147621155,-0.06077369281689258
257,-0.22342513501644135,-0.1133141815662384,-1.0280636548995972,-0.056409064680337906,0.15692433714866638,-0.05695447351091327
258,-0.2290908396244049,-0.10896553099155426,0.20561493933200836,-0.3043484389781952,-0.4121764898300171,-0.06266659455139499
259,-0.23453912138938904,-0.09104030579328537,-0.44464829564094543,-0.09496627748012543,1.0,-0.08415276592797748
260,-0.23909114301204681,-0.055969562381505966,0.4435068666934967,-0.20453353226184845,0.13022546470165253,-0.05915483434231808
261,-0.24188962578773499,-0.0010381932370364666,1.09601628780365,0.11598960310220718,-1.0,-0.08351112773351878
262,-0.24194154143333435,0.06601874530315399,-0.06154517084360123,0.5797038674354553,0.9192531108856201,-0.08184060106593699
263,-0.23864060640335083,0.08368806540966034,0.3757687211036682,0.14771470427513123,-1.0,-0.0854511839559631
264,-0.23445619642734528,0.10960125923156738,-0.1986842304468155,0.7255942225456238,-0.6495259404182434,-0.07152302813485398
265,-0.22897613048553467,0.1400148719549179,0.4870929419994354,-0.08136453479528427,-0.1886795163154602,-0.06312215138125428
266,-0.2219753861427307,0.13159479200839996,-0.9463194608688354,0.14918062090873718,0.7105608582496643,-0.07055408479257118
267,-0.21539564430713654,0.10132195800542831,-0.6862440705299377,-0.6863783597946167,1.0,-0.0765283537681272
268,-0.2103295475244522,0.13719846308231354,-0.1674908995628357,0.11258844286203384,1.0,-0.0786502267042145
269,-0.20346961915493011,0.2186666876077652,0.7694887518882751,0.11298073083162308,1.0,-0.09030744893660989
270,-0.19253627955913544,0.2204681634902954,0.48361170291900635,-0.4903530776500702,-0.30620047450065613,-0.06371729438159736
271,-0.18151287734508514,0.2544575333595276,-0.013519306667149067,0.04968452826142311,0.9301035404205322,-0.0869485546480919
272,-0.16878999769687653,0.31489816308021545,0.5173476934432983,0.046424269676208496,1.0,-0.10307048986188422
273,-0.15304508805274963,0.33007556200027466,0.48244738578796387,-0.20167969167232513,-0.14591126143932343,-0.07842998985053301
274,-0.13654130697250366,0.3648635149002075,0.21477293968200684,0.16594655811786652,0.5010192394256592,-0.0914817270193755
275,-0.11829812824726105,0.35426920652389526,-0.7498654127120972,0.07021544873714447,0.8907678127288818,-0.096584470802516
276,-0.10058467090129852,0.2815921902656555,-0.19221751391887665,-0.7616351842880249,-1.0,-0.07476435930869368
277,-0.08650506287813187,0.32861125469207764,0.5750440359115601,-0.14474347233772278,1.0,-0.08647580660766632
278,-0.07007449865341187,0.30215996503829956,-0.511434018611908,-0.15092669427394867,0.33576542139053345,-0.0533792143089583
279,-0.05496650189161301,0.33870646357536316,0.08292017877101898,0.6031637787818909,0.1816283017396927,-0.06120707006586434
280,-0.03803117945790291,0.32652056217193604,-0.09955992549657822,0.18896299600601196,-0.4924355149269104,-0.06081652557918351
281,-0.021705150604248047,0.3521876633167267,0.824147641658783,0.21342021226882935,-0.8360244631767273,-0.07996261253963272
282,-0.004095767624676228,0.34648385643959045,0.64113849401474,-0.19060394167900085,-0.8421494364738464,-0.07777269618263277
283,0.013228424824774265,0.3351008892059326,0.4626295864582062,-0.023190399631857872,-1.0,-0.0813212986255949
284,0.02998346835374832,0.3128923773765564,0.6446467638015747,-0.401423841714859,-1.0,-0.07484982941132654
285,0.04562808573246002,0.30181798338890076,-0.4677346646785736,0.5074926018714905,-0.1196485161781311,-0.04798686721024697
286,0.06071898341178894,0.26321151852607727,-0.11765038222074509,-0.1435842514038086,-0.5830875039100647,-0.046826719941645355
287,0.07387956231832504,0.22658197581768036,0.04654345288872719,-0.2757989764213562,-0.5613018870353699,-0.03900438202247235
288,0.08520866185426712,0.22534915804862976,0.7991648316383362,-0.4996650516986847,-0.20009130239486694,-0.03365255217832403
289,0.09647612273693085,0.19840991497039795,-0.09035880118608475,0.1387811154127121,-0.6934390068054199,-0.04101233127470115
290,0.1063966155052185,0.16231945157051086,-0.06266824156045914,-0.32091501355171204,-0.18861345946788788,-0.02538341964411254
291,0.11451258510351181,0.1324448436498642,-0.521033525466919,0.1701577752828598,-0.011723542585968971,-0.0218873871067446
292,0.12113482505083084,0.0811312273144722,-0.6182882785797119,0.25849708914756775,-0.8569797873497009,-0.036325143082421074
293,0.12519139051437378,0.020213007926940918,-0.9144890308380127,-0.22199323773384094,0.2807714641094208,-0.01784798146590263
294,0.1262020468711853,-0.012062971480190754,0.02178361266851425,-0.5008607506752014,0.06290233880281448,-0.016098630373844864
295,0.12559889256954193,0.02296299859881401,0.3912065327167511,-0.007415525149554014,1.0,-0.041038732913418766
296,0.1267470419406891,-0.07349096983671188,-0.6216441988945007,-0.6075552701950073,-1.0,-0.04376527399699111
297,0.12307249009609222,-0.10219556838274002,-0.9393536448478699,0.020413577556610107,0.996446430683136,-0.045191442648322075
298,0.11796271055936813,-0.14587360620498657,-0.6940980553627014,-0.5459518432617188,1.0,-0.049554756562175714
299,0.11066903173923492,-0.08746073395013809,-0.1387355625629425,0.9110001921653748,1.0,-0.04107232450665853
300,0.10629599541425705,-0.09498980641365051,0.16652421653270721,0.3051675260066986,-1.0,-0.04081037013398234
301,0.1015465036034584,-0.06118829548358917,0.12763100862503052,0.31319287419319153,0.6943108439445496,-0.02423538518703748
302,0.09848708659410477,-0.10652629286050797,-0.8058531880378723,-0.17220479249954224,0.38604724407196045,-0.019099444155348005
303,0.09316077083349228,-0.1111670434474945,0.15681050717830658,-0.007166726514697075,-0.2959824800491333,-0.017048125532721982
304,0.08760242164134979,-0.1172787994146347,-0.11519593000411987,-0.2663504183292389,0.686937689781189,-0.02634842709327876
305,0.08173847943544388,-0.12215542793273926,-0.15502986311912537,-0.3096791207790375,0.8798812031745911,-0.033496927282541125
306,0.07563070952892303,-0.21570076048374176,-1.4530998468399048,-0.47780337929725647,0.2430533468723297,-0.03046028482907935
307,0.06484567373991013,-0.14556939899921417,0.28539177775382996,0.6228311657905579,1.0,-0.03980018584356797
308,0.057567205280065536,-0.06545115262269974,1.0881481170654297,0.03870069608092308,1.0,-0.0304559094403286
309,0.0542946457862854,-0.04532675817608833,0.5360301733016968,0.363191157579422,-0.886216402053833,-0.023609654010393673
310,0.05202830955386162,-0.10460402071475983,-0.41535550355911255,-0.6791759133338928,-0.06447051465511322,-0.008281856779088676
311,0.046798110008239746,-0.15109172463417053,0.018532391637563705,-0.70488041639328,-0.43533116579055786,-0.01834224792641195
312,0.03924352303147316,-0.17325983941555023,-0.1919577717781067,0.24324683845043182,-1.0,-0.04154953961685218
313,0.030580531805753708,-0.188827782869339,-0.8520417213439941,0.012918153777718544,1.0,-0.043763135002559475
314,0.02113914303481579,-0.15752024948596954,0.744010865688324,0.14460499584674835,-0.6220163106918335,-0.0225257841007293
315,0.013263130560517311,-0.12066513299942017,0.3133930265903473,0.36269617080688477,0.02792336791753769,-0.007475440954325074
316,0.007229873910546303,-0.08019900321960449,1.0397778749465942,0.06056923419237137,-0.6629248261451721,-0.014254944512246895
317,0.0032199237029999495,-0.06027689948678017,0.7377005219459534,-0.025667686015367508,-0.6856908798217773,-0.013581319761997246
318,0.00020607872284017503,-0.09410011768341064,-0.32770130038261414,0.1259283870458603,-1.0,-0.029427458416794932
319,-0.004498927388340235,-0.14640003442764282,-0.36348772048950195,-0.2292516827583313,-1.0,-0.035736726260254516
320,-0.011818928644061089,-0.22954562306404114,-0.3646443784236908,-0.9181696772575378,-0.9200925230979919,-0.04764954146817636
321,-0.023296209052205086,-0.25664347410202026,0.06329968571662903,-0.5055341720581055,-0.4644480347633362,-0.0388684524101559
322,-0.03612838312983513,-0.23535548150539398,-0.06436147540807724,0.5799875259399414,-0.5062646269798279,-0.03540895907383686
323,-0.04789615795016289,-0.2645518183708191,-0.31260019540786743,-0.2168036699295044,-0.452786922454834,-0.04241327762008971
324,-0.06112374737858772,-0.19573479890823364,0.8183456063270569,0.218522310256958,0.270704448223114,-0.024724191688691482
325,-0.0709104835987091,-0.15028776228427887,0.58591628074646,-0.1421164870262146,0.5511761903762817,-0.02391638166718897
326,-0.07842487096786499,-0.15749315917491913,0.4488499164581299,-0.27446743845939636,-1.0,-0.04355250780989796
327,-0.08629953116178513,-0.18102912604808807,-0.40560102462768555,0.23849770426750183,-1.0,-0.04883338184229445
328,-0.09535098820924759,-0.14763975143432617,-0.35902389883995056,0.3068474233150482,1.0,-0.04499055978307766
329,-0.10273297876119614,-0.11140891909599304,1.4350106716156006,-0.6744610071182251,-0.5055587887763977,-0.023149780032510475
330,-0.10830342769622803,-0.07608193159103394,-0.45132261514663696,0.44805848598480225,1.0,-0.03962386186873501
331,-0.1121075227856636,-0.0478174053132534,-0.08704689890146255,0.4644359350204468,-0.025189276784658432,-0.013727211660274768
332,-0.11449839174747467,-0.08688895404338837,-0.6060385704040527,0.13253767788410187,-1.0,-0.041884726880330875
333,-0.11884284019470215,-0.05283862724900246,-0.09033378958702087,0.05614829063415527,1.0,-0.040519580681344286
334,-0.12148477137088776,-0.03207109495997429,0.19866961240768433,-0.4880025386810303,1.0,-0.040272827295067926
335,-0.12308832257986069,-0.029844461008906364,-0.6444824934005737,0.5596976280212402,-0.1378902643918991,-0.016071425071302516
336,-0.12458054721355438,0.016056612133979797,0.17592822015285492,0.042538534849882126,1.0,-0.04064921975550517
337,-0.12377771735191345,0.0504983514547348,-0.02644483372569084,0.14261700212955475,0.7876401543617249,-0.03210539012517575
338,-0.12125279754400253,-0.02113942801952362,-0.6935620307922363,-0.3996109366416931,-1.0,-0.03992567914863867
339,-0.12230976670980453,0.05564377084374428,0.7827049493789673,0.06051008775830269,1.0,-0.041507794113106566
340,-0.11952757835388184,0.1018216535449028,0.5101805329322815,-0.24226559698581696,1.0,-0.044470666671061476
341,-0.11443649232387543,0.1526290774345398,0.82603520154953,0.13811136782169342,-0.15275757014751434,-0.025326900057386102
342,-0.10680504143238068,0.17947635054588318,0.28874748945236206,0.21949173510074615,-0.13326787948608398,-0.02795720485324242
343,-0.09783122688531876,0.12694498896598816,-0.47820553183555603,-0.7462883591651917,0.20679455995559692,-0.01869756329333124
344,-0.09148398041725159,0.1542908102273941,-0.6448816061019897,0.6522091627120972,0.9126288890838623,-0.041094431706970885
345,-0.08376944065093994,0.16437692940235138,0.7804104089736938,-0.13876855373382568,-1.0,-0.04552720666185456
346,-0.07555059343576431,0.15950055420398712,-0.1810057908296585,0.4146423637866974,-0.7492596507072449,-0.03246285571946482
347,-0.06757556647062302,0.11779378354549408,-0.10104592144489288,-0.5197039246559143,-0.4939224123954773,-0.01760312823639252
348,-0.06168587878346443,0.19242696464061737,0.7593258619308472,0.1908714324235916,1.0,-0.04731921699890965
349,-0.05206453055143356,0.12296144664287567,-1.5098037719726562,-0.12527604401111603,0.49890822172164917,-0.01649320896751368
350,-0.04591645672917366,0.16272729635238647,0.08620212227106094,0.19249872863292694,1.0,-0.0403484070639652
351,-0.03778009116649628,0.17895254492759705,0.09129071235656738,-0.2542967200279236,1.0,-0.042439342550655554
352,-0.028832463547587395,0.20046153664588928,-0.06945542991161346,0.11792013049125671,0.8290425539016724,-0.03810651379389554
353,-0.01880938746035099,0.19416195154190063,-0.1608024537563324,-0.14876028895378113,0.48110634088516235,-0.024989808107988926
354,-0.009101290255784988,0.21354524791240692,0.7512503862380981,-0.37864306569099426,0.1678512990474701,-0.02358797264055187
355,0.0015759721864014864,0.15927986800670624,-0.20967808365821838,-0.8125076293945312,0.05999738723039627,-0.012777513351383902
356,0.00953996554017067,0.18549741804599762,0.32458198070526123,0.33130577206611633,-0.0990658774971962,-0.01754100754891103
357,0.01881483569741249,0.23995253443717957,0.3290920853614807,0.3670690059661865,1.0,-0.05414260877413683
358,0.0308124627918005,0.2276141196489334,0.26442405581474304,0.13700616359710693,-1.0,-0.05185350132447111
359,0.04219316691160202,0.22769732773303986,0.28436824679374695,-0.10692337155342102,-0.03151018172502518,-0.027728120724253628
360,0.05357803404331207,0.2673213481903076,0.7129967212677002,-0.13942882418632507,0.7921013236045837,-0.054286566313484295
361,0.06694409996271133,0.24314504861831665,-0.8774111270904541,0.3399134576320648,0.535999059677124,-0.04122364590376558
362,0.07910135388374329,0.24639004468917847,1.1104216575622559,-0.38406044244766235,-0.8789452910423279,-0.055924671369672246
363,0.09142085909843445,0.20607516169548035,-0.06097867712378502,-0.27417680621147156,-0.4585905373096466,-0.03484888960636376
364,0.10172461718320847,0.19319160282611847,-0.2283499538898468,0.018437188118696213,0.3848208785057068,-0.03271157301832153
365,0.11138419806957245,0.13589133322238922,-0.7450850605964661,-0.1110614687204361,-0.0813523381948471,-0.021805121407763937
366,0.11817876249551773,0.06270956248044968,-0.8795804381370544,-0.2272910624742508,-0.24348393082618713,-0.01741457565671803
367,0.12131424248218536,-0.027811620384454727,-0.711641788482666,-0.42362427711486816,-0.9330693483352661,-0.036869348330878626
368,0.1199236586689949,-0.03842512518167496,-1.0319464206695557,0.4877418279647827,1.0,-0.04011992975987321
369,0.11800239980220795,-0.05909964069724083,0.305435448884964,-0.7669855952262878,0.4174656271934509,-0.02002788939255168
370,0.11504741758108139,-0.11954888701438904,-0.35809656977653503,-0.2681754529476166,-0.8705182075500488,-0.039326924990143924
371,0.10906997323036194,-0.17788752913475037,-0.4145664870738983,-0.5787534117698669,-0.12131234258413315,-0.028086161737174275
372,0.10017559677362442,-0.14672650396823883,0.4526314437389374,-0.1583455204963684,0.8071913719177246,-0.03708843213462992
373,0.09283927083015442,-0.12337543070316315,0.2808893322944641,0.2107023000717163,0.10465986281633377,-0.01650372112545772
374,0.08667050302028656,-0.14728806912899017,0.8252671957015991,-0.7259489297866821,-1.0,-0.04335866418059475
375,0.07930609583854675,-0.08037954568862915,1.0431612730026245,0.5075260996818542,-0.3123103976249695,-0.011958337767109863
376,0.0752871185541153,-0.044454190880060196,0.3438395857810974,0.9534369111061096,-1.0,-0.031656237719105265
377,0.0730644091963768,-0.024612437933683395,0.12298715859651566,0.32859155535697937,0.07191979885101318,-0.00577060537174809
378,0.0718337893486023,-0.0337403267621994,-0.4430483877658844,0.45374295115470886,-0.19192388653755188,-0.006650167256667443
379,0.07014676928520203,-0.01727357693016529,0.10069558024406433,-0.18048006296157837,1.0,-0.030069757988059047
380,0.06928309053182602,0.05068981647491455,1.2701635360717773,-0.12191986292600632,0.6152151226997375,-0.01554711649956792
381,0.07181758433580399,0.015546579845249653,0.005316796712577343,-0.07891198247671127,-1.0,-0.030278613065911026
382,0.07259491086006165,0.022726917639374733,-0.4534025490283966,0.21250896155834198,1.0,-0.030528277822395682
383,0.07373125851154327,0.020953865721821785,0.4430457651615143,0.14174900949001312,-1.0,-0.030655830451039465
384,0.0747789517045021,-0.06075723469257355,-1.4163469076156616,0.40319880843162537,-1.0,-0.03243761231799359
385,0.07174108922481537,-0.1222471371293068,-0.21014301478862762,-0.4865293502807617,-0.9026718735694885,-0.032989378487210216
386,0.06562872976064682,-0.09244238585233688,0.3619685769081116,0.2251397669315338,0.11094950884580612,-0.008887672667902862
387,0.061006609350442886,-0.08824770152568817,-0.6258442401885986,0.9889742732048035,-0.45402905344963074,-0.012769194753450088
388,0.05659422278404236,-0.13656584918498993,-0.725775957107544,-0.6932010650634766,1.0,-0.03752802263233927
389,0.0497659295797348,-0.15382981300354004,-0.6925028562545776,0.5683199167251587,-0.4089757204055786,-0.018489981325919308
390,0.04207443818449974,-0.1914333552122116,-0.1055140346288681,-0.14882268011569977,-1.0,-0.045093621760124325
391,0.03250277042388916,-0.21592552959918976,-0.03729463368654251,-0.23864556849002838,-0.49301642179489136,-0.03044497596162707
392,0.021706493571400642,-0.2279217690229416,-0.41415804624557495,-0.2564862072467804,0.7430219650268555,-0.04024737775512191
393,0.010310404933989048,-0.20246055722236633,0.42477330565452576,0.4081823527812958,-0.8102648854255676,-0.03701467132873148
394,0.00018737706704996526,-0.2000405341386795,-0.6330555081367493,0.09569118916988373,1.0,-0.04500814414927166
395,-0.009814649820327759,-0.21804238855838776,0.4729243516921997,-0.4327007830142975,-1.0,-0.048867570534556606
396,-0.020716769620776176,-0.25686731934547424,-0.30153995752334595,-0.41522565484046936,-0.3669523000717163,-0.03678594397787998
397,-0.0335601344704628,-0.28681865334510803,-0.7746171355247498,0.040745146572589874,-0.04932691156864166,-0.042319580398448554
398,-0.04790106788277626,-0.31159257888793945,-0.4416794180870056,0.252451628446579,-1.0,-0.07583947591441001
399,-0.06348069757223129,-0.2760717570781708,-0.017653154209256172,0.1650509387254715,0.6707417964935303,-0.0533849683790668
400,-0.07728428393602371,-0.2739262878894806,-0.1753697544336319,-0.2539989650249481,0.4780421555042267,-0.04920377505268683
401,-0.09098059684038162,-0.2678552567958832,-0.0544038824737072,-0.001998452004045248,-0.15013273060321808,-0.04471418114762799
402,-0.10437335819005966,-0.2500149607658386,-0.4235132932662964,0.17063818871974945,0.6785649061203003,-0.053658797541646014
403,-0.11687410622835159,-0.1853770911693573,0.447956919670105,0.06323308497667313,1.0,-0.055841888546118254
404,-0.1261429637670517,-0.15821915864944458,1.0280945301055908,-0.25293561816215515,-1.0,-0.053428697766332134
405,-0.13405391573905945,-0.11235976219177246,0.3123578429222107,-0.16349391639232635,1.0,-0.049282811853867674
406,-0.1396719068288803,-0.1305178552865982,0.14077770709991455,-0.3319797217845917,-0.8584412336349487,-0.04644873000999339
407,-0.14619779586791992,-0.05480539798736572,0.6690739989280701,0.07040835916996002,1.0,-0.04787561234625594
408,-0.14893805980682373,-0.02463926561176777,0.7153466939926147,-0.5064382553100586,0.2954295575618744,-0.02466805973500131
409,-0.15017002820968628,-0.06291075050830841,-0.296109139919281,-0.3570263087749481,-0.6960419416427612,-0.036641776699416
410,-0.15331555902957916,-0.08651914447546005,-0.31916511058807373,-0.277043879032135,-0.2653384804725647,-0.02900855635392985
411,-0.15764151513576508,-0.051818668842315674,-0.07232455909252167,-0.006898857653141022,1.0,-0.05119343491862504
412,-0.16023245453834534,-0.02604011259973049,-0.02459091879427433,-0.22220954298973083,1.0,-0.05101348129107281
413,-0.16153445839881897,0.01215224526822567,0.1124551072716713,0.3502461910247803,0.09555422514677048,-0.026395485601936074
414,-0.16092684864997864,0.010236156173050404,-0.5413653254508972,0.0003554499999154359,0.5329250693321228,-0.03305006748763031
415,-0.16041503846645355,0.0446656309068203,-0.04444253444671631,0.1873418539762497,0.618835985660553,-0.03630444407852847
416,-0.15818175673484802,0.04254793003201485,-0.03831515088677406,-0.006265921518206596,-0.4321253299713135,-0.030594938965494502
417,-0.15605436265468597,-0.0009509331430308521,-0.5946574807167053,0.008681535720825195,-1.0,-0.049353415484735354
418,-0.15610191226005554,0.018434466794133186,-0.5531306862831116,0.20628170669078827,1.0,-0.04953772088992001
419,-0.1551801860332489,0.006729254964739084,-0.06193136051297188,0.015943367034196854,-0.8261037468910217,-0.04116471748678091
420,-0.15484371781349182,0.003937725443392992,-0.5347142219543457,0.32150304317474365,-0.14405010640621185,-0.024503092310591314
421,-0.1546468287706375,0.06873301416635513,0.4153883457183838,0.3446095585823059,0.6112223863601685,-0.03561757643445851
422,-0.15121017396450043,0.16589894890785217,1.336431622505188,-0.021007752045989037,0.8605823516845703,-0.055140799109748805
423,-0.14291521906852722,0.1988515555858612,0.7220417261123657,-0.04953112080693245,-0.3146483302116394,-0.04267082250667758
424,-0.13297264277935028,0.24531057476997375,0.2364523708820343,0.14613497257232666,0.8632917404174805,-0.06640217670557667
425,-0.12070711702108383,0.2952536344528198,0.15875506401062012,0.2633024752140045,1.0,-0.08315756189414772
426,-0.1059444323182106,0.30213308334350586,-0.18236182630062103,0.016372913494706154,0.540288507938385,-0.06416421849798155
427,-0.09083777666091919,0.3785419464111328,0.32118579745292664,0.6991415619850159,1.0,-0.10489850820524396
428,-0.07191067934036255,0.28949788212776184,-0.5054140090942383,-0.7224530577659607,-1.0,-0.07207565663793604
429,-0.0574357844889164,0.249929741024971,-0.2904512882232666,0.035971373319625854,-1.0,-0.05953130688125047
430,-0.044939298182725906,0.23954294621944427,0.10498625785112381,0.03688711300492287,-0.6215958595275879,-0.040369489020874
431,-0.03296215087175369,0.31692951917648315,0.709674060344696,0.39041993021965027,1.0,-0.07630866354383933
432,-0.017115674912929535,0.27560946345329285,-0.029560742899775505,-0.18781885504722595,-1.0,-0.06327323435018298
433,-0.003335201647132635,0.2593872845172882,-0.20760533213615417,-0.1425216645002365,0.27562958002090454,-0.035551298956515036
434,0.009634162299335003,0.1899317502975464,-0.13535968959331512,-0.6290602087974548,-1.0,-0.043129851363439345
435,0.019130749627947807,0.13713207840919495,-0.2766244411468506,-0.16995200514793396,-1.0,-0.034768588123559
436,0.025987353175878525,0.11618226766586304,-0.1133282333612442,-0.10172000527381897,-0.2133716344833374,-0.0085626885505028
437,0.03179646655917168,0.11321098357439041,0.4032042920589447,-0.21277734637260437,-0.3055609464645386,-0.009753565916459128
438,0.03745701536536217,0.08067741990089417,-0.26314660906791687,0.21677550673484802,-1.0,-0.029657450919073645
439,0.041490886360406876,0.08817647397518158,-0.14118890464305878,0.08658189326524734,0.6022246479988098,-0.014675902064393977
440,0.045899711549282074,0.11416655778884888,0.4016014337539673,0.16878779232501984,0.11147401481866837,-0.008934446136270044
441,0.05160804092884064,0.13644595444202423,0.15009747445583344,-0.07857662439346313,1.0,-0.03697213942976902
442,0.05843034014105797,0.1580222100019455,0.40913647413253784,0.0702199786901474,0.19560760259628296,-0.016856172966543854
443,0.06633145362138748,0.1198345497250557,-0.302911639213562,-0.060323674231767654,-0.46772241592407227,-0.017049127798098068
444,0.07232318073511124,0.032642509788274765,-0.7308776378631592,-0.38462239503860474,-0.937852680683136,-0.027752600493640284
445,0.07395530492067337,-0.03044719062745571,-1.1297447681427002,-0.27197256684303284,0.5294588208198547,-0.01294106907348471
446,0.07243294268846512,-0.005006298888474703,0.8013272285461426,-0.22259554266929626,0.05159096419811249,-0.005325603781162996
447,0.07218262553215027,-0.011756384745240211,0.472524493932724,-0.001379941706545651,-1.0,-0.03027943803851594
448,0.07159480452537537,0.0002512723731342703,-0.4203293025493622,0.5353118181228638,0.45513275265693665,-0.01030449342083524
449,0.07160736620426178,-0.02798176184296608,0.3493235111236572,-0.7007202506065369,-0.21149227023124695,-0.006637329194643524
450,0.07020828127861023,-0.036510027945041656,0.6248413324356079,-0.4299165904521942,-0.5441396832466125,-0.012997893197856141
451,0.06838277727365494,-0.03729438781738281,-0.10674836486577988,0.2672453820705414,-0.1782536506652832,-0.006165999430491617
452,0.06651806086301804,-0.053107451647520065,-0.17991189658641815,0.4475776255130768,-1.0,-0.03083485265378661
453,0.06386268883943558,-0.06895763427019119,0.4567582607269287,-0.6307502388954163,-0.13957656919956207,-0.00694306103325875
454,0.06041480600833893,-0.0710970088839531,-0.28346049785614014,0.11282949149608612,0.3783175051212311,-0.00975544452318036
455,0.056859955191612244,-0.12042618542909622,-0.34499919414520264,-0.08651060611009598,-1.0,-0.03548428752433077
456,0.0508386455476284,-0.11635085195302963,0.4798709452152252,0.12671251595020294,-1.0,-0.034353328527303495
457,0.04502110183238983,-0.1299230307340622,-0.5523714423179626,0.06984254717826843,0.45833590626716614,-0.01571869100829719
458,0.03852495178580284,-0.19267888367176056,-0.36736178398132324,-0.4860769510269165,-0.7982166409492493,-0.03597549424224759
459,0.028891008347272873,-0.24391384422779083,-0.6780335307121277,0.11478221416473389,-1.0,-0.05558167287553341
460,0.01669531688094139,-0.21991117298603058,-0.01686822436749935,0.002172723412513733,0.8322569131851196,-0.04177548546831906
461,0.005699758417904377,-0.2703722417354584,-0.6877254247665405,-0.0735718235373497,-0.6656733751296997,-0.04766108717907636
462,-0.007818853482604027,-0.31941860914230347,-0.6223005652427673,-0.3705575466156006,-0.2294110208749771,-0.052390990259021226
463,-0.0237897839397192,-0.33167481422424316,-0.0990760549902916,-0.5533561706542969,0.4717407822608948,-0.061133531760724856
464,-0.04037352651357651,-0.22678303718566895,0.40156036615371704,0.9947531223297119,1.0,-0.05234529398750054
465,-0.051712676882743835,-0.2301531434059143,0.2752939462661743,-0.4171612560749054,-0.19897297024726868,-0.03014919025819039
466,-0.06322033703327179,-0.2558143436908722,-0.16271130740642548,-0.6221751570701599,0.1580338478088379,-0.037341666890342615
467,-0.0760110542178154,-0.24331483244895935,-0.22656983137130737,0.20292557775974274,0.10179363936185837,-0.035637782618282265
468,-0.08817679435014725,-0.2191963791847229,0.3536308705806732,-0.41269710659980774,0.6115227341651917,-0.04114767437814603
469,-0.09913661330938339,-0.16414935886859894,0.17948739230632782,0.4625632166862488,0.43405258655548096,-0.02801061636992807
470,-0.10734408348798752,-0.0889735296368599,1.053054928779602,-0.2803179621696472,1.0,-0.04048089621133917
471,-0.11179275810718536,-0.11642348021268845,-0.5185199975967407,0.02176634781062603,-0.5154964327812195,-0.025918248710455387
472,-0.11761393398046494,-0.20556430518627167,-1.7568540573120117,-0.21241359412670135,-0.07889936119318008,-0.035117006622268146
473,-0.1278921514749527,-0.2157006412744522,-0.16258497536182404,-0.18373680114746094,-0.2712157368659973,-0.0414587331531653
474,-0.138677179813385,-0.23195093870162964,-0.9503239393234253,-0.09822044521570206,0.8476998805999756,-0.06409685674810817
475,-0.15027472376823425,-0.2029077261686325,-0.4659651815891266,0.3029932379722595,0.839690089225769,-0.06079525146138463
476,-0.16042010486125946,-0.24476557970046997,-0.5510848760604858,-0.1129380539059639,-1.0,-0.08068970527752889
477,-0.17265838384628296,-0.2005055844783783,-0.13976874947547913,0.22702856361865997,0.8698545694351196,-0.06882833510276998
478,-0.18268366158008575,-0.2711193859577179,-1.5275427103042603,-0.13624997437000275,-0.21544726192951202,-0.0712866191055688
479,-0.19623963534832,-0.24277260899543762,0.4557690918445587,-0.14467529952526093,-0.30748695135116577,-0.07034296862125071
480,-0.20837827026844025,-0.25646620988845825,-0.9161621928215027,0.13063926994800568,0.1918107569217682,-0.07722874110946115
481,-0.2212015837430954,-0.24476376175880432,0.20201213657855988,-0.10819575935602188,-0.6011356711387634,-0.08791889003164913
482,-0.23343977332115173,-0.2955141067504883,-0.6958774328231812,-0.29627007246017456,-0.9540878534317017,-0.12091551525631258
483,-0.2482154816389084,-0.3124433755874634,-0.18825390934944153,-0.3502131402492523,-0.5960697531700134,-0.11930383149522528
484,-0.26383763551712036,-0.34140005707740784,-1.1521070003509521,-0.3077147305011749,0.7042865753173828,-0.14028779307670367
485,-0.28090763092041016,-0.3500707447528839,-0.03704636171460152,-0.20282402634620667,-1.0,-10.165183867126451
486,-0.29841116070747375,-0.2965911626815796,-0.045343704521656036,0.033463191241025925,0.9701510667800903,-10.156562208532765
487,-0.3132407069206238,-0.17082180082798004,0.5379452705383301,0.8815296292304993,1.0,-10.137709791461097
